Model,CV_F1_Score
Logistic Regression,0.8337401046726125
Random Forest,0.9953937895050421
SVM,0.8466925210865623
