Model,CV_F1_Score
Logistic Regression,0.8326356589147288
Random Forest,0.99719183316956
SVM,0.8266078957214633
