Model,Accuracy,Precision,Recall,F1 Score
Logistic Regression,0.8,0.8425925925925926,0.7982456140350878,0.8198198198198198
Random Forest,0.99,0.9827586206896551,1.0,0.991304347826087
SVM,0.775,0.8053097345132744,0.7982456140350878,0.801762114537445
