Model,Accuracy,Precision,Recall,F1 Score
Logistic Regression,0.825,0.8067632850241546,0.8477157360406091,0.8267326732673267
Random Forest,0.99,0.9800995024875622,1.0,0.9899497487437185
SVM,0.81,0.7980295566502463,0.8223350253807107,0.81
